{
    "loss": 0.024852469563484192,
    "accuracy": 0.9928057789802551
}